<?xml version="1.0" encoding="UTF-8"?>
<beans xmlns="http://www.springframework.org/schema/beans"
       xmlns:xsi="http://www.w3.org/2001/XMLSchema-instance"
       xsi:schemaLocation="http://www.springframework.org/schema/beans http://www.springframework.org/schema/beans/spring-beans.xsd">

    <bean id="saveDBService" class="com.ghy.www.service.SaveDBService"></bean>
    <bean id="saveXMLService" class="com.ghy.www.service.SaveXMLService"></bean>
    <bean id="test" class="com.ghy.www.test1.Test">
        <property name="service" ref="saveDBService"></property>
        <property name="username" value="我是username的值"></property>
    </bean>

</beans>