<?xml version="1.0" encoding="UTF-8" ?>
<beans xmlns="http://www.springframework.org/schema/beans"
       xmlns:xsi="http://www.w3.org/2001/XMLSchema-instance"
       xmlns:context="http://www.springframework.org/schema/context"
       xmlns:p="http://www.springframework.org/schema/p" xmlns:aop="http://www.springframework.org/schema/aop"
       xmlns:tx="http://www.springframework.org/schema/tx"
       xsi:schemaLocation="http://www.springframework.org/schema/beans http://www.springframework.org/schema/beans/spring-beans-4.0.xsd
    http://www.springframework.org/schema/context http://www.springframework.org/schema/context/spring-context-4.0.xsd http://www.springframework.org/schema/aop http://www.springframework.org/schema/aop/spring-aop-4.0.xsd http://www.springframework.org/schema/tx http://www.springframework.org/schema/tx/spring-tx-4.0.xsd">

    <context:component-scan base-package="com.smart.dao.hibernate"/>
    <context:property-placeholder location="classpath:jdbc.properties"/>
    <bean id="dataSource" class="org.apache.commons.dbcp.BasicDataSource"
          destroy-method="close"
          p:driverClassName="${jdbc.driverClassName}"
          p:url="${jdbc.url}"
          p:username="${jdbc.username}"
          p:password="${jdbc.password}"/>

    <bean id="lobHandler" class="org.springframework.jdbc.support.lob.DefaultLobHandler"
          lazy-init="true"/>

    <bean id="sessionFactory"
          class="org.springframework.orm.hibernate4.LocalSessionFactoryBean"
          p:dataSource-ref="dataSource">
        <property name="packagesToScan" value="com.smart.domain"/>
        <property name="hibernateProperties">
            <props>
                <prop key="hibernate.dialect">
                    org.hibernate.dialect.MySQLDialect
                </prop>
                <prop key="hibernate.show_sql">
                    true
                </prop>
            </props>
        </property>
    </bean>

    <bean id="hibernateTemplate"
          class="org.springframework.orm.hibernate4.HibernateTemplate"
          p:sessionFactory-ref="sessionFactory"/>

    <bean id="transactionManager"
          class="org.springframework.orm.hibernate4.HibernateTransactionManager"
          p:sessionFactory-ref="sessionFactory"/>
    <tx:annotation-driven transaction-manager="transactionManager"/>

</beans>