{
  "queryEnc": "%E7%BE%8E%E5%A5%B3",
  "queryExt": "美女",
  "listNum": 3900,
  "displayNum": 415337,
  "gsm": "5a",
  "bdFmtDispNum": "约415,000",
  "bdSearchTime": "",
  "isNeedAsyncRequest": 1,
  "bdIsClustered": "1",
  "data": [
    {
      "adType": "0",
      "hasAspData": "0",
      "thumbURL": "http://img5.imgtn.bdimg.com/it/u=2817128514,340025963&fm=27&gp=0.jpg",
      "middleURL": "http://img5.imgtn.bdimg.com/it/u=2817128514,340025963&fm=27&gp=0.jpg",
      "largeTnImageUrl": "",
      "hasLarge": 0,
      "hoverURL": "http://img5.imgtn.bdimg.com/it/u=2817128514,340025963&fm=27&gp=0.jpg",
      "pageNum": 60,
      "objURL": "ippr_z2C$qAzdH3FAzdH3Ft4w2j_z&e3Bptwg3t4j1tw_z&e3Bv54AzdH3F7rs5w1I4w2jfAzdH3Fda80AzdH3FanlAzdH3FalAzdH3Fmc8QWmdIKH0l_z&e3B3r2",
      "fromURL": "ippr_z2C$qAzdH3FAzdH3Frtv_z&e3Byjfhy_z&e3Bv54AzdH3FncbAzdH3F8ab9adncb1_d_z&e3Bfip4s",
      "fromURLHost": "pic.yesky.com",
      "currentIndex": "",
      "width": 800,
      "height": 958,
      "type": "jpg",
      "is_gif": 0,
      "filesize": "",
      "bdSrcType": "0",
      "di": "87462268080",
      "pi": "0",
      "is": "0,0",
      "replaceUrl": [
        {
          "ObjURL": "http:\/\/img4.imgtn.bdimg.com\/it\/u=2817128514,340025963&fm=214&gp=0.jpg",
          "FromURL": "http:\/\/mm.qw5l.com\/qiaopi\/14964_8.html"
        },
        {
          "ObjURL": "http:\/\/pict.ycgkja.com\/uploadimages\/2017\/039\/09\/651qw62ikh79.jpg",
          "FromURL": "http:\/\/ycgkjacom.b0.upaiyun.com\/qiaopi\/14964_8.html"
        }
      ],
      "hasThumbData": "0",
      "bdSetImgNum": 0,
      "partnerId": 0,
      "spn": 0,
      "bdImgnewsDate": "1970-01-01 08:00",
      "fromPageTitle": "性感<strong>美女<\/strong>柔顺长发性感睡衣十分诱人",
      "fromPageTitleEnc": "性感美女柔顺长发性感睡衣十分诱人",
      "bdSourceName": "",
      "bdFromPageTitlePrefix": "",
      "isAspDianjing": 0,
      "token": "",
      "imgType": "",
      "cs": "2817128514,340025963",
      "os": "522835279,2979826894",
      "simid": "0,0",
      "personalized": "0",
      "simid_info": null,
      "face_info": null,
      "xiangshi_info": null,
      "adPicId": "0",
      "source_type": ""
    },
    {
      "adType": "0",
      "hasAspData": "0",
      "thumbURL": "http://img2.imgtn.bdimg.com/it/u=3478272896,4024446016&fm=11&gp=0.jpg",
      "middleURL": "http://img2.imgtn.bdimg.com/it/u=3478272896,4024446016&fm=11&gp=0.jpg",
      "largeTnImageUrl": "",
      "hasLarge": 0,
      "hoverURL": "",
      "pageNum": 61,
      "objURL": "ippr_z2C$qAzdH3FAzdH3Fi_z&e3Bitri5p5f_z&e3Bkwt17_z&e3Bv54AzdH3Ft4w2jAzdH3FrtvAzdH3Ftpj4AzdH3Fj8ujlldckvn8cvmacnab09cmb0k8vk8n9bc900j1_z&e3B3r2",
      "fromURL": "ippr_z2C$qAzdH3FAzdH3Frtv_z&e3Byjfhy_z&e3Bv54AzdH3FdmnAzdH3F8a0bd00mn1_z&e3Bfip4s",
      "fromURLHost": "pic.yesky.com",
      "currentIndex": "",
      "width": 800,
      "height": 1068,
      "type": "jpg",
      "is_gif": 0,
      "filesize": "",
      "bdSrcType": "17",
      "di": "33823271620",
      "pi": "0",
      "is": "488110522,3743520233",
      "hasThumbData": "0",
      "bdSetImgNum": 5,
      "partnerId": 0,
      "spn": 0,
      "bdImgnewsDate": "1970-01-01 08:00",
      "fromPageTitle": "性感<strong>美女<\/strong>个性壁纸咖喱透视黑裙妖娆魅惑",
      "fromPageTitleEnc": "性感美女个性壁纸咖喱透视黑裙妖娆魅惑",
      "bdSourceName": "",
      "bdFromPageTitlePrefix": "",
      "isAspDianjing": 0,
      "token": "",
      "imgType": "",
      "cs": "3478272896,4024446016",
      "os": "554738363,2929657130",
      "simid": "0,0",
      "personalized": "0",
      "simid_info": null,
      "face_info": null,
      "xiangshi_info": null,
      "adPicId": "0",
      "source_type": ""
    },
    {
      "adType": "0",
      "hasAspData": "0",
      "thumbURL": "http://img0.imgtn.bdimg.com/it/u=1178821067,538716877&fm=27&gp=0.jpg",
      "middleURL": "http://img0.imgtn.bdimg.com/it/u=1178821067,538716877&fm=27&gp=0.jpg",
      "largeTnImageUrl": "",
      "hasLarge": 0,
      "hoverURL": "http://img0.imgtn.bdimg.com/it/u=1178821067,538716877&fm=27&gp=0.jpg",
      "pageNum": 62,
      "objURL": "ippr_z2C$qAzdH3FAzdH3Ft4w2j_z&e3B8mbbowg_z&e3Bv54AzdH3Fwsst42fAzdH3Ft42_tk2AzdH3Fda8manAzdH3F_89cbbllcl9caa_z&e3B3r2",
      "fromURL": "ippr_z2C$qAzdH3FAzdH3Fooo_z&e3B8mbbowg_z&e3Bv54AzdH3FgjofAzdH3Fztx7gAzdH3Fda8ma9AzdH3Ftgu5_8dm0ca_z&e3Bip4s",
      "fromURLHost": "www.1688wan.com",
      "currentIndex": "",
      "width": 467,
      "height": 611,
      "type": "jpg",
      "is_gif": 0,
      "filesize": "",
      "bdSrcType": "0",
      "di": "9320281410",
      "pi": "0",
      "is": "0,0",
      "replaceUrl": [
        {
          "ObjURL": "http:\/\/img2.imgtn.bdimg.com\/it\/u=1178821067,538716877&fm=214&gp=0.jpg",
          "FromURL": "http:\/\/www.bf576d.com\/www_1688wan_com\/news\/sygl\/201609\/info_153624.html"
        },
        {
          "ObjURL": "http:\/\/image.1688wan.com\/allimgs\/img_ibg\/201603\/_1458899594500.jpg",
          "FromURL": "http:\/\/176fgcqwpd576.1399961.cn\/news\/sygl\/201606\/info_136450.html"
        }
      ],
      "hasThumbData": "0",
      "bdSetImgNum": 0,
      "partnerId": 0,
      "spn": 0,
      "bdImgnewsDate": "1970-01-01 08:00",
      "fromPageTitle": "性感<strong>美女<\/strong>粉嫩爆乳 诱惑难挡",
      "fromPageTitleEnc": "性感美女粉嫩爆乳 诱惑难挡",
      "bdSourceName": "",
      "bdFromPageTitlePrefix": "",
      "isAspDianjing": 0,
      "token": "",
      "imgType": "",
      "cs": "1178821067,538716877",
      "os": "3166132752,2866727493",
      "simid": "3434335124,446606792",
      "personalized": "0",
      "simid_info": null,
      "face_info": null,
      "xiangshi_info": null,
      "adPicId": "0",
      "source_type": ""
    },
    {
      "adType": "0",
      "hasAspData": "0",
      "thumbURL": "http://img5.imgtn.bdimg.com/it/u=710695239,3706212354&fm=11&gp=0.jpg",
      "middleURL": "http://img5.imgtn.bdimg.com/it/u=710695239,3706212354&fm=11&gp=0.jpg",
      "largeTnImageUrl": "",
      "hasLarge": 0,
      "hoverURL": "",
      "pageNum": 63,
      "objURL": "ippr_z2C$qAzdH3FAzdH3Fu_z&e3Bitri5p5f_z&e3Bkwt17_z&e3Bv54AzdH3Ft4w2jAzdH3FrtvAzdH3Ftpj4AzdH3Fjwub8w9vc8au1luldwv0d01udud119dwdln9w9ka_z&e3B3r2",
      "fromURL": "ippr_z2C$qAzdH3FAzdH3Frtv_z&e3Byjfhy_z&e3Bv54AzdH3Fb8AzdH3Fnmb88cb81_z&e3Bfip4s",
      "fromURLHost": "pic.yesky.com",
      "currentIndex": "",
      "width": 640,
      "height": 900,
      "type": "jpg",
      "is_gif": 0,
      "filesize": "",
      "bdSrcType": "17",
      "di": "27727066450",
      "pi": "0",
      "is": "223905834,2948157534",
      "hasThumbData": "0",
      "bdSetImgNum": 8,
      "partnerId": 0,
      "spn": 0,
      "bdImgnewsDate": "1970-01-01 08:00",
      "fromPageTitle": "韩国性感<strong>美女<\/strong>车模高清壁纸",
      "fromPageTitleEnc": "韩国性感美女车模高清壁纸",
      "bdSourceName": "",
      "bdFromPageTitlePrefix": "",
      "isAspDianjing": 0,
      "token": "",
      "imgType": "",
      "cs": "710695239,3706212354",
      "os": "4107315820,2521022577",
      "simid": "0,0",
      "personalized": "0",
      "simid_info": null,
      "face_info": null,
      "xiangshi_info": null,
      "adPicId": "0",
      "source_type": ""
    },
    {
      "adType": "0",
      "hasAspData": "0",
      "thumbURL": "http://img1.imgtn.bdimg.com/it/u=587538399,938485240&fm=11&gp=0.jpg",
      "middleURL": "http://img1.imgtn.bdimg.com/it/u=587538399,938485240&fm=11&gp=0.jpg",
      "largeTnImageUrl": "",
      "hasLarge": 0,
      "hoverURL": "",
      "pageNum": 64,
      "objURL": "ippr_z2C$qAzdH3FAzdH3Fk_z&e3Bitri5p5f_z&e3Bkwt17_z&e3Bv54AzdH3Ft4w2jAzdH3FrtvAzdH3Ftpj4AzdH3Fnkdld1ucjaujlldc11b10dj9njwbcj1ubvk808b9_z&e3B3r2",
      "fromURL": "ippr_z2C$qAzdH3FAzdH3Frtv_z&e3Byjfhy_z&e3Bv54AzdH3Fn80AzdH3F9a9nmn80_z&e3Bfip4s",
      "fromURLHost": "pic.yesky.com",
      "currentIndex": "",
      "width": 800,
      "height": 1200,
      "type": "jpg",
      "is_gif": 0,
      "filesize": "",
      "bdSrcType": "17",
      "di": "78881820",
      "pi": "0",
      "is": "562178080,4039149055",
      "hasThumbData": "0",
      "bdSetImgNum": 8,
      "partnerId": 0,
      "spn": 0,
      "bdImgnewsDate": "1970-01-01 08:00",
      "fromPageTitle": "高挑<strong>美女<\/strong>透明肉丝秀美腿诱人时尚内衣秀透明图片壁纸",
      "fromPageTitleEnc": "高挑美女透明肉丝秀美腿诱人时尚内衣秀透明图片壁纸",
      "bdSourceName": "",
      "bdFromPageTitlePrefix": "",
      "isAspDianjing": 0,
      "token": "",
      "imgType": "",
      "cs": "587538399,938485240",
      "os": "620262808,2602634096",
      "simid": "0,0",
      "personalized": "0",
      "simid_info": null,
      "face_info": null,
      "xiangshi_info": null,
      "adPicId": "0",
      "source_type": ""
    },
    {
      "adType": "0",
      "hasAspData": "0",
      "thumbURL": "http://img4.imgtn.bdimg.com/it/u=2507789908,3672808270&fm=11&gp=0.jpg",
      "middleURL": "http://img4.imgtn.bdimg.com/it/u=2507789908,3672808270&fm=11&gp=0.jpg",
      "largeTnImageUrl": "",
      "hasLarge": 0,
      "hoverURL": "",
      "pageNum": 65,
      "objURL": "ippr_z2C$qAzdH3FAzdH3Fw_z&e3Bitri5p5f_z&e3Bkwt17_z&e3Bv54AzdH3Ft4w2jAzdH3FrtvAzdH3Ftpj4AzdH3Fbnadcwwuw9au9kuk0ncavkj1al9u0buaumnm8bbd_z&e3B3r2",
      "fromURL": "ippr_z2C$qAzdH3FAzdH3Frtv_z&e3Byjfhy_z&e3Bv54AzdH3F80bAzdH3Fmlnda80b1_z&e3Bfip4s",
      "fromURLHost": "pic.yesky.com",
      "currentIndex": "",
      "width": 609,
      "height": 901,
      "type": "jpg",
      "is_gif": 0,
      "filesize": "",
      "bdSrcType": "17",
      "di": "32634964830",
      "pi": "0",
      "is": "183435008,3478717918",
      "hasThumbData": "0",
      "bdSetImgNum": 11,
      "partnerId": 0,
      "spn": 0,
      "bdImgnewsDate": "1970-01-01 08:00",
      "fromPageTitle": "性感<strong>美女<\/strong>白色内衣写真图片",
      "fromPageTitleEnc": "性感美女白色内衣写真图片",
      "bdSourceName": "",
      "bdFromPageTitlePrefix": "",
      "isAspDianjing": 0,
      "token": "",
      "imgType": "",
      "cs": "2507789908,3672808270",
      "os": "304360595,2659340048",
      "simid": "0,0",
      "personalized": "0",
      "simid_info": null,
      "face_info": null,
      "xiangshi_info": null,
      "adPicId": "0",
      "source_type": ""
    },
    {
      "adType": "0",
      "hasAspData": "0",
      "thumbURL": "http://img3.imgtn.bdimg.com/it/u=1004536404,526637997&fm=11&gp=0.jpg",
      "middleURL": "http://img3.imgtn.bdimg.com/it/u=1004536404,526637997&fm=11&gp=0.jpg",
      "largeTnImageUrl": "",
      "hasLarge": 0,
      "hoverURL": "",
      "pageNum": 66,
      "objURL": "ippr_z2C$qAzdH3FAzdH3Fk_z&e3Bitri5p5f_z&e3Bkwt17_z&e3Bv54AzdH3Ft4w2jAzdH3FrtvAzdH3Ftpj4AzdH3Fw08jwb1nu18u98n99mbjjlv1du8ulcvw1avbcjvv_z&e3B3r2",
      "fromURL": "ippr_z2C$qAzdH3FAzdH3Frtv_z&e3Byjfhy_z&e3Bv54AzdH3Fd9lAzdH3Fmln8bd9l1_z&e3Bfip4s",
      "fromURLHost": "pic.yesky.com",
      "currentIndex": "",
      "width": 800,
      "height": 1183,
      "type": "jpg",
      "is_gif": 0,
      "filesize": "",
      "bdSrcType": "17",
      "di": "15663042610",
      "pi": "0",
      "is": "659164949,56561558",
      "hasThumbData": "0",
      "bdSetImgNum": 9,
      "partnerId": 0,
      "spn": 0,
      "bdImgnewsDate": "1970-01-01 08:00",
      "fromPageTitle": "性感<strong>美女<\/strong>美胸写真图片",
      "fromPageTitleEnc": "性感美女美胸写真图片",
      "bdSourceName": "",
      "bdFromPageTitlePrefix": "",
      "isAspDianjing": 0,
      "token": "",
      "imgType": "",
      "cs": "1004536404,526637997",
      "os": "1331756310,3704427300",
      "simid": "0,0",
      "personalized": "0",
      "simid_info": null,
      "face_info": null,
      "xiangshi_info": null,
      "adPicId": "0",
      "source_type": ""
    },
    {
      "adType": "0",
      "hasAspData": "0",
      "thumbURL": "http://img5.imgtn.bdimg.com/it/u=343868432,2984339457&fm=11&gp=0.jpg",
      "middleURL": "http://img5.imgtn.bdimg.com/it/u=343868432,2984339457&fm=11&gp=0.jpg",
      "largeTnImageUrl": "",
      "hasLarge": 0,
      "hoverURL": "",
      "pageNum": 67,
      "objURL": "ippr_z2C$qAzdH3FAzdH3Fj_z&e3Bitri5p5f_z&e3Bkwt17_z&e3Bv54AzdH3Ft4w2jAzdH3FrtvAzdH3Ftpj4AzdH3F0wjvc9j0nm18dudjmcw9a0189cvd1cmdb9ncmb1w_z&e3B3r2",
      "fromURL": "ippr_z2C$qAzdH3FAzdH3Frtv_z&e3Byjfhy_z&e3Bv54AzdH3Fn09AzdH3Fnbl00n09_z&e3Bfip4s",
      "fromURLHost": "pic.yesky.com",
      "currentIndex": "",
      "width": 610,
      "height": 911,
      "type": "jpg",
      "is_gif": 0,
      "filesize": "",
      "bdSrcType": "17",
      "di": "1668720840",
      "pi": "0",
      "is": "116456646,3471426865",
      "hasThumbData": "0",
      "bdSetImgNum": 8,
      "partnerId": 0,
      "spn": 0,
      "bdImgnewsDate": "1970-01-01 08:00",
      "fromPageTitle": "性感<strong>美女<\/strong>的白色私房",
      "fromPageTitleEnc": "性感美女的白色私房",
      "bdSourceName": "",
      "bdFromPageTitlePrefix": "",
      "isAspDianjing": 0,
      "token": "",
      "imgType": "",
      "cs": "343868432,2984339457",
      "os": "84844218,2601527505",
      "simid": "0,0",
      "personalized": "0",
      "simid_info": null,
      "face_info": null,
      "xiangshi_info": null,
      "adPicId": "0",
      "source_type": ""
    },
    {
      "adType": "0",
      "hasAspData": "0",
      "thumbURL": "http://img0.imgtn.bdimg.com/it/u=656020873,3287357543&fm=27&gp=0.jpg",
      "middleURL": "http://img0.imgtn.bdimg.com/it/u=656020873,3287357543&fm=27&gp=0.jpg",
      "largeTnImageUrl": "",
      "hasLarge": 0,
      "hoverURL": "http://img0.imgtn.bdimg.com/it/u=656020873,3287357543&fm=27&gp=0.jpg",
      "pageNum": 68,
      "objURL": "ippr_z2C$qAzdH3FAzdH3Ft42c_z&e3Bojka0_z&e3BvgAzdH3FUPtvfAzdH3FBtzitAzdH3Fda8mAzdH3F8d8aAzdH3Fd9d0988a8nn8am8_z&e3B3r2",
      "fromURL": "ippr_z2C$qAzdH3FAzdH3Fooo_z&e3Bojka0_z&e3BvgAzdH3FLtfpAzdH3F88AzdH3F9AzdH3Fd89abc_z&e3Bip4s",
      "fromURLHost": "www.web07.cn",
      "currentIndex": "",
      "width": 1920,
      "height": 1080,
      "type": "jpg",
      "is_gif": 0,
      "filesize": "",
      "bdSrcType": "0",
      "di": "204422399280",
      "pi": "0",
      "is": "0,0",
      "replaceUrl": [
        {
          "ObjURL": "http:\/\/img4.imgtn.bdimg.com\/it\/u=656020873,3287357543&fm=214&gp=0.jpg",
          "FromURL": "http:\/\/www.deskier.com\/meinv\/1323.html#5"
        },
        {
          "ObjURL": "http:\/\/pic1.win4000.com\/wallpaper\/7\/56f50c169955b.jpg",
          "FromURL": "http:\/\/www.win4000.com\/wallpaper_big_99506_3.html"
        }
      ],
      "hasThumbData": "0",
      "bdSetImgNum": 0,
      "partnerId": 0,
      "spn": 0,
      "bdImgnewsDate": "1970-01-01 08:00",
      "fromPageTitle": "性感<strong>美女<\/strong>私房写真桌面壁纸473",
      "fromPageTitleEnc": "性感美女私房写真桌面壁纸473",
      "bdSourceName": "",
      "bdFromPageTitlePrefix": "",
      "isAspDianjing": 0,
      "token": "",
      "imgType": "",
      "cs": "656020873,3287357543",
      "os": "2296361384,3033394098",
      "simid": "0,0",
      "personalized": "0",
      "simid_info": null,
      "face_info": null,
      "xiangshi_info": null,
      "adPicId": "0",
      "source_type": ""
    },
    {
      "adType": "0",
      "hasAspData": "0",
      "thumbURL": "http://img1.imgtn.bdimg.com/it/u=520436101,3838522300&fm=200&gp=0.jpg",
      "middleURL": "http://img1.imgtn.bdimg.com/it/u=520436101,3838522300&fm=200&gp=0.jpg",
      "largeTnImageUrl": "",
      "hasLarge": 0,
      "hoverURL": "",
      "pageNum": 69,
      "objURL": "ippr_z2C$qAzdH3FAzdH3Ft42f6v_z&e3Bkwt17_z&e3Bv54AzdH3Ft42w1AzdH3FrtvAzdH3Ftpj4AzdH3F9klauman0nb1wl009jnmnm8mkkc8ub8lbm8bjnum_z&e3B3r2",
      "fromURL": "ippr_z2C$qAzdH3FAzdH3Frwtxtg_z&e3Bv54AzdH3Fri5p5v5ry6t2ipAzdH3F8cdmam00b",
      "fromURLHost": "paixin.com",
      "currentIndex": "",
      "width": 1023,
      "height": 682,
      "type": "jpg",
      "is_gif": 0,
      "filesize": "",
      "bdSrcType": "13",
      "di": "84314287880",
      "pi": "0",
      "is": "0,0",
      "hasThumbData": "0",
      "bdSetImgNum": 0,
      "partnerId": 7,
      "spn": 0,
      "bdImgnewsDate": "1970-01-01 08:00",
      "fromPageTitle": "性感性感<strong>美女<\/strong>摆在闺房中",
      "fromPageTitleEnc": "性感性感美女摆在闺房中",
      "bdSourceName": "",
      "bdFromPageTitlePrefix": "",
      "isAspDianjing": 0,
      "token": "",
      "imgType": "",
      "cs": "520436101,3838522300",
      "os": "3774251006,2448976935",
      "simid": "0,0",
      "personalized": "0",
      "simid_info": null,
      "face_info": null,
      "xiangshi_info": null,
      "adPicId": "0",
      "source_type": ""
    },
    {
      "adType": "0",
      "hasAspData": "0",
      "thumbURL": "http://img3.imgtn.bdimg.com/it/u=1994893073,2874736232&fm=11&gp=0.jpg",
      "middleURL": "http://img3.imgtn.bdimg.com/it/u=1994893073,2874736232&fm=11&gp=0.jpg",
      "largeTnImageUrl": "",
      "hasLarge": 0,
      "hoverURL": "",
      "pageNum": 70,
      "objURL": "ippr_z2C$qAzdH3FAzdH3Fj_z&e3Bitri5p5f_z&e3Bkwt17_z&e3Bv54AzdH3Ft4w2jAzdH3FrtvAzdH3Ftpj4AzdH3Fb1c9l9jjua8unwdlllaanb01lndckvn8c1ma0vk1_z&e3B3r2",
      "fromURL": "ippr_z2C$qAzdH3FAzdH3Frtv_z&e3Byjfhy_z&e3Bv54AzdH3FlaAzdH3Fmn890ala_z&e3Bfip4s",
      "fromURLHost": "pic.yesky.com",
      "currentIndex": "",
      "width": 800,
      "height": 1160,
      "type": "jpg",
      "is_gif": 0,
      "filesize": "",
      "bdSrcType": "17",
      "di": "7530848430",
      "pi": "0",
      "is": "239048728,4030984086",
      "hasThumbData": "0",
      "bdSetImgNum": 21,
      "partnerId": 0,
      "spn": 0,
      "bdImgnewsDate": "1970-01-01 08:00",
      "fromPageTitle": "性感<strong>美女<\/strong>写真图片性感美女三亚大胆写真",
      "fromPageTitleEnc": "性感美女写真图片性感美女三亚大胆写真",
      "bdSourceName": "",
      "bdFromPageTitlePrefix": "",
      "isAspDianjing": 0,
      "token": "",
      "imgType": "",
      "cs": "1994893073,2874736232",
      "os": "330540874,3012203864",
      "simid": "0,0",
      "personalized": "0",
      "simid_info": null,
      "face_info": null,
      "xiangshi_info": null,
      "adPicId": "0",
      "source_type": ""
    },
    {
      "adType": "0",
      "hasAspData": "0",
      "thumbURL": "http://img4.imgtn.bdimg.com/it/u=1232599848,299749426&fm=27&gp=0.jpg",
      "middleURL": "http://img4.imgtn.bdimg.com/it/u=1232599848,299749426&fm=27&gp=0.jpg",
      "largeTnImageUrl": "",
      "hasLarge": 0,
      "hoverURL": "http://img4.imgtn.bdimg.com/it/u=1232599848,299749426&fm=27&gp=0.jpg",
      "pageNum": 71,
      "objURL": "ippr_z2C$qAzdH3FAzdH3Frtv0_z&e3Bgtrtv_z&e3Bv54AzdH3Fda8aacabAzdH3Fna80dal_8acbd98laml9_d_z&e3B3r2",
      "fromURL": "ippr_z2C$qAzdH3FAzdH3Fooo_z&e3Bgtrtv_z&e3Bv54AzdH3Ffi5oAzdH3Fn8d0m9m_z&e3Bip4s",
      "fromURLHost": "www.nipic.com",
      "currentIndex": "",
      "width": 683,
      "height": 1024,
      "type": "jpg",
      "is_gif": 0,
      "filesize": "",
      "bdSrcType": "0",
      "di": "96885008990",
      "pi": "0",
      "is": "0,0",
      "replaceUrl": [
        {
          "ObjURL": "http:\/\/img2.imgtn.bdimg.com\/it\/u=1232599848,299749426&fm=214&gp=0.jpg",
          "FromURL": "http:\/\/www.awangliao.cn\/www_lvmama_com\/zt\/i\/minsu"
        },
        {
          "ObjURL": "http:\/\/www.bshanghen.com\/pics\/63532_chongqingshishicai_814.jpg",
          "FromURL": "http:\/\/www.bshanghen.com\/housenews\/finance\/house\/89080387.html"
        }
      ],
      "hasThumbData": "0",
      "bdSetImgNum": 0,
      "partnerId": 0,
      "spn": 0,
      "bdImgnewsDate": "1970-01-01 08:00",
      "fromPageTitle": "性感<strong>美女<\/strong>图片",
      "fromPageTitleEnc": "性感美女图片",
      "bdSourceName": "",
      "bdFromPageTitlePrefix": "",
      "isAspDianjing": 0,
      "token": "",
      "imgType": "",
      "cs": "1232599848,299749426",
      "os": "3425784862,3541397924",
      "simid": "4078731961,520382881",
      "personalized": "0",
      "simid_info": null,
      "face_info": null,
      "xiangshi_info": null,
      "adPicId": "0",
      "source_type": ""
    },
    {
      "adType": "0",
      "hasAspData": "0",
      "thumbURL": "http://img0.imgtn.bdimg.com/it/u=1058826267,692194407&fm=27&gp=0.jpg",
      "middleURL": "http://img0.imgtn.bdimg.com/it/u=1058826267,692194407&fm=27&gp=0.jpg",
      "largeTnImageUrl": "",
      "hasLarge": 0,
      "hoverURL": "http://img0.imgtn.bdimg.com/it/u=1058826267,692194407&fm=27&gp=0.jpg",
      "pageNum": 72,
      "objURL": "ippr_z2C$qAzdH3FAzdH3Ft42_z&e3Bpw5rtv_z&e3Bv54AzdH3F7rs5w1fAzdH3Fwsst42AzdH3F8na8n8AzdH3Fd9a90n-8na8n8alnd9n88_z&e3B3r2",
      "fromURL": "ippr_z2C$qAzdH3FAzdH3Fooo_z&e3Bpw5rtv_z&e3Bv54AzdH3Fp7h7AzdH3Fda8na8AzdH3Fndc09a_z&e3Bip4s",
      "fromURLHost": "www.taopic.com",
      "currentIndex": "",
      "width": 1000,
      "height": 667,
      "type": "jpg",
      "is_gif": 0,
      "filesize": "",
      "bdSrcType": "0",
      "di": "38851914090",
      "pi": "0",
      "is": "0,0",
      "replaceUrl": [
        {
          "ObjURL": "http:\/\/img0.imgtn.bdimg.com\/it\/u=1058826267,692194407&fm=214&gp=0.jpg",
          "FromURL": "http:\/\/www.taopic.com\/plus\/view.php?aid=75077"
        },
        {
          "ObjURL": "http:\/\/pic.taopic.com\/uploads\/allimg\/130131\/240473-13013109324311-lp.jpg",
          "FromURL": "http:\/\/www.taopic.com\/tuku\/201208\/217242.html"
        }
      ],
      "hasThumbData": "0",
      "bdSetImgNum": 0,
      "partnerId": 0,
      "spn": 0,
      "bdImgnewsDate": "1970-01-01 08:00",
      "fromPageTitle": "时尚性感<strong>美女<\/strong>图片[高清图片,jpg格式]",
      "fromPageTitleEnc": "时尚性感美女图片[高清图片,jpg格式]",
      "bdSourceName": "",
      "bdFromPageTitlePrefix": "",
      "isAspDianjing": 0,
      "token": "",
      "imgType": "",
      "cs": "1058826267,692194407",
      "os": "2088509315,3576213852",
      "simid": "3539084469,541380282",
      "personalized": "0",
      "simid_info": null,
      "face_info": null,
      "xiangshi_info": null,
      "adPicId": "0",
      "source_type": ""
    },
    {
      "adType": "0",
      "hasAspData": "0",
      "thumbURL": "http://img5.imgtn.bdimg.com/it/u=3787102691,908019262&fm=27&gp=0.jpg",
      "middleURL": "http://img5.imgtn.bdimg.com/it/u=3787102691,908019262&fm=27&gp=0.jpg",
      "largeTnImageUrl": "",
      "hasLarge": 0,
      "hoverURL": "http://img5.imgtn.bdimg.com/it/u=3787102691,908019262&fm=27&gp=0.jpg",
      "pageNum": 73,
      "objURL": "ippr_z2C$qAzdH3FAzdH3Fooo_z&e3Bkzcc_z&e3Bv54AzdH3F7rs5w1fAzdH3Fwsst42AzdH3F8caladAzdH3F8nl-8caZd898I8_z&e3B3r2",
      "fromURL": "ippr_z2C$qAzdH3FAzdH3Fooo_z&e3Bkzcc_z&e3Bv54AzdH3F4jtgektzitAzdH3Fd9lmb_z&e3Bip4s",
      "fromURLHost": "www.bz55.com",
      "currentIndex": "",
      "width": 1920,
      "height": 1200,
      "type": "jpg",
      "is_gif": 0,
      "filesize": "",
      "bdSrcType": "0",
      "di": "146045387180",
      "pi": "0",
      "is": "0,0",
      "replaceUrl": [
        {
          "ObjURL": "http:\/\/img0.imgtn.bdimg.com\/it\/u=3787102691,908019262&fm=214&gp=0.jpg",
          "FromURL": "http:\/\/mt.sohu.com\/fashion\/d20170618\/149867806_758000.shtml"
        },
        {
          "ObjURL": "http:\/\/img.mp.sohu.com\/upload\/20170616\/5ae514382bff472ba2cb665c5b10181d_th.png",
          "FromURL": "http:\/\/www.sohu.com\/a\/149324756_674755"
        }
      ],
      "hasThumbData": "0",
      "bdSetImgNum": 0,
      "partnerId": 0,
      "spn": 0,
      "bdImgnewsDate": "1970-01-01 08:00",
      "fromPageTitle": "性感<strong>美女<\/strong>嫩模诱惑私房写真电脑壁纸",
      "fromPageTitleEnc": "性感美女嫩模诱惑私房写真电脑壁纸",
      "bdSourceName": "",
      "bdFromPageTitlePrefix": "",
      "isAspDianjing": 0,
      "token": "",
      "imgType": "",
      "cs": "3787102691,908019262",
      "os": "4008878605,778739877",
      "simid": "3289744182,332463193",
      "personalized": "0",
      "simid_info": null,
      "face_info": null,
      "xiangshi_info": null,
      "adPicId": "0",
      "source_type": ""
    },
    {
      "adType": "0",
      "hasAspData": "0",
      "thumbURL": "http://img5.imgtn.bdimg.com/it/u=241290000,2405071079&fm=27&gp=0.jpg",
      "middleURL": "http://img5.imgtn.bdimg.com/it/u=241290000,2405071079&fm=27&gp=0.jpg",
      "largeTnImageUrl": "",
      "hasLarge": 0,
      "hoverURL": "http://img5.imgtn.bdimg.com/it/u=241290000,2405071079&fm=27&gp=0.jpg",
      "pageNum": 74,
      "objURL": "ippr_z2C$qAzdH3FAzdH3Frtv_z&e3Byjfhy_z&e3Bv54AzdH3F7rs5w1I4w2jfAzdH3Fda8cAzdH3F8n8AzdH3F80AzdH3FDaBKlUbdDDCE_z&e3B3r2",
      "fromURL": "ippr_z2C$qAzdH3FAzdH3Frtv_z&e3Byjfhy_z&e3Bv54AzdH3FkkfAzdH3Fpi6jw1-d0ldm9-8-8a_z&e3Bip4s",
      "fromURLHost": "pic.yesky.com",
      "currentIndex": "",
      "width": 800,
      "height": 1073,
      "type": "jpg",
      "is_gif": 0,
      "filesize": "",
      "bdSrcType": "0",
      "di": "35011223830",
      "pi": "0",
      "is": "0,0",
      "replaceUrl": [
        {
          "ObjURL": "http:\/\/img0.imgtn.bdimg.com\/it\/u=241290000,2405071079&fm=214&gp=0.jpg",
          "FromURL": "http:\/\/hzlky.cn\/20635.html"
        },
        {
          "ObjURL": "http:\/\/hzlgb.cn\/images\/8.jpg",
          "FromURL": "http:\/\/hzlgb.cn\/t-1319908-1.htm"
        }
      ],
      "hasThumbData": "0",
      "bdSetImgNum": 0,
      "partnerId": 0,
      "spn": 0,
      "bdImgnewsDate": "1970-01-01 08:00",
      "fromPageTitle": "g罩杯大胸性感<strong>美女<\/strong> 美女沙滩图片写真壁纸",
      "fromPageTitleEnc": "g罩杯大胸性感美女 美女沙滩图片写真壁纸",
      "bdSourceName": "",
      "bdFromPageTitlePrefix": "",
      "isAspDianjing": 0,
      "token": "",
      "imgType": "",
      "cs": "241290000,2405071079",
      "os": "4066649790,4266017808",
      "simid": "4123837831,787474815",
      "personalized": "0",
      "simid_info": null,
      "face_info": null,
      "xiangshi_info": null,
      "adPicId": "0",
      "source_type": ""
    },
    {
      "adType": "0",
      "hasAspData": "0",
      "thumbURL": "http://img3.imgtn.bdimg.com/it/u=3531849089,122639902&fm=11&gp=0.jpg",
      "middleURL": "http://img3.imgtn.bdimg.com/it/u=3531849089,122639902&fm=11&gp=0.jpg",
      "largeTnImageUrl": "",
      "hasLarge": 0,
      "hoverURL": "",
      "pageNum": 75,
      "objURL": "ippr_z2C$qAzdH3FAzdH3Fv_z&e3Bitri5p5f_z&e3Bkwt17_z&e3Bv54AzdH3Ft4w2jAzdH3FrtvAzdH3Ftpj4AzdH3F9j9wdaw99mdnalu08w98n81d0kajavun1mvw1mva_z&e3B3r2",
      "fromURL": "ippr_z2C$qAzdH3FAzdH3Fooo_z&e3Bpw5rtv_z&e3Bv54AzdH3Fp7h7AzdH3Fda8camAzdH3Fml90am_z&e3Bip4s",
      "fromURLHost": "www.taopic.com",
      "currentIndex": "",
      "width": 667,
      "height": 1000,
      "type": "jpg",
      "is_gif": 0,
      "filesize": "",
      "bdSrcType": "17",
      "di": "3680054120",
      "pi": "0",
      "is": "1680344530,4162697495",
      "hasThumbData": "0",
      "bdSetImgNum": 6,
      "partnerId": 0,
      "spn": 0,
      "bdImgnewsDate": "1970-01-01 08:00",
      "fromPageTitle": "茶道性感<strong>美女<\/strong>摄影__茶道性感美女摄影__茶道性感美女摄影",
      "fromPageTitleEnc": "茶道性感美女摄影__茶道性感美女摄影__茶道性感美女摄影",
      "bdSourceName": "",
      "bdFromPageTitlePrefix": "",
      "isAspDianjing": 0,
      "token": "",
      "imgType": "",
      "cs": "3531849089,122639902",
      "os": "2441820778,151993132",
      "simid": "0,0",
      "personalized": "0",
      "simid_info": null,
      "face_info": null,
      "xiangshi_info": null,
      "adPicId": "0",
      "source_type": ""
    },
    {
      "adType": "0",
      "hasAspData": "0",
      "thumbURL": "http://img4.imgtn.bdimg.com/it/u=641241468,147866242&fm=27&gp=0.jpg",
      "middleURL": "http://img4.imgtn.bdimg.com/it/u=641241468,147866242&fm=27&gp=0.jpg",
      "largeTnImageUrl": "",
      "hasLarge": 0,
      "hoverURL": "http://img4.imgtn.bdimg.com/it/u=641241468,147866242&fm=27&gp=0.jpg",
      "pageNum": 76,
      "objURL": "ippr_z2C$qAzdH3FAzdH3Ft4w2j_z&e3Bptwg3t4j1tw_z&e3Bv54AzdH3F7rs5w1I4w2jfAzdH3Fda8mAzdH3FncbAzdH3Fn0AzdH3FRcdWc88ml9dF_z&e3B3r2",
      "fromURL": "ippr_z2C$qAzdH3FAzdH3Frtv_z&e3Byjfhy_z&e3Bv54AzdH3FndlAzdH3Fnb8d8bdl1_n8_z&e3Bfip4s",
      "fromURLHost": "pic.yesky.com",
      "currentIndex": "",
      "width": 2008,
      "height": 2358,
      "type": "jpg",
      "is_gif": 0,
      "filesize": "",
      "bdSrcType": "0",
      "di": "110793602040",
      "pi": "0",
      "is": "0,0",
      "replaceUrl": [
        {
          "ObjURL": "http:\/\/img3.imgtn.bdimg.com\/it\/u=641241468,147866242&fm=214&gp=0.jpg",
          "FromURL": "http:\/\/pic.yesky.com\/329\/38121829_33.shtml"
        },
        {
          "ObjURL": "http:\/\/image.tianjimedia.com\/uploadimages\/2017\/011\/34\/y2246z8212l7_113.jpg",
          "FromURL": "http:\/\/pic.yesky.com\/496\/107822996d_14.shtml"
        }
      ],
      "hasThumbData": "0",
      "bdSetImgNum": 0,
      "partnerId": 0,
      "spn": 0,
      "bdImgnewsDate": "1970-01-01 08:00",
      "fromPageTitle": "柚子性感<strong>美女<\/strong>美腿诱惑写真图集",
      "fromPageTitleEnc": "柚子性感美女美腿诱惑写真图集",
      "bdSourceName": "",
      "bdFromPageTitlePrefix": "",
      "isAspDianjing": 0,
      "token": "",
      "imgType": "",
      "cs": "641241468,147866242",
      "os": "281243568,2669230740",
      "simid": "38354639,903836312",
      "personalized": "0",
      "simid_info": null,
      "face_info": null,
      "xiangshi_info": null,
      "adPicId": "0",
      "source_type": ""
    },
    {
      "adType": "0",
      "hasAspData": "0",
      "thumbURL": "http://img3.imgtn.bdimg.com/it/u=3869708717,3105734516&fm=27&gp=0.jpg",
      "middleURL": "http://img3.imgtn.bdimg.com/it/u=3869708717,3105734516&fm=27&gp=0.jpg",
      "largeTnImageUrl": "",
      "hasLarge": 0,
      "hoverURL": "http://img3.imgtn.bdimg.com/it/u=3869708717,3105734516&fm=27&gp=0.jpg",
      "pageNum": 77,
      "objURL": "ippr_z2C$qAzdH3FAzdH3Futsjam_z&e3B8mf7vwt_z&e3Bv54AzdH3Fda8mAzdH3Fa0adAzdH3Fdcn9c9muwwkw10a0ubwnjdbjv0kvdkjb_z&e3B3r2",
      "fromURL": "ippr_z2C$qAzdH3FAzdH3Fooo_z&e3B8mf7vwt_z&e3Bv54AzdH3Fda8mAzdH3Fa0AzdH3Fbmcc8_z&e3Bip4s",
      "fromURLHost": "www.16sucai.com",
      "currentIndex": "",
      "width": 1100,
      "height": 794,
      "type": "jpg",
      "is_gif": 0,
      "filesize": "",
      "bdSrcType": "0",
      "di": "70260547830",
      "pi": "0",
      "is": "0,0",
      "replaceUrl": [
        {
          "ObjURL": "http:\/\/img2.imgtn.bdimg.com\/it\/u=3869708717,3105734516&fm=214&gp=0.jpg",
          "FromURL": "http:\/\/www.16sucai.com\/2016\/07\/86551.html"
        }
      ],
      "hasThumbData": "0",
      "bdSetImgNum": 0,
      "partnerId": 0,
      "spn": 0,
      "bdImgnewsDate": "1970-01-01 08:00",
      "fromPageTitle": "减肥健美的性感<strong>美女<\/strong>高清图片",
      "fromPageTitleEnc": "减肥健美的性感美女高清图片",
      "bdSourceName": "",
      "bdFromPageTitlePrefix": "",
      "isAspDianjing": 0,
      "token": "",
      "imgType": "",
      "cs": "3869708717,3105734516",
      "os": "3827735497,3958445577",
      "simid": "0,0",
      "personalized": "0",
      "simid_info": null,
      "face_info": null,
      "xiangshi_info": null,
      "adPicId": "0",
      "source_type": ""
    },
    {
      "adType": "0",
      "hasAspData": "0",
      "thumbURL": "http://img2.imgtn.bdimg.com/it/u=4120791057,903306375&fm=27&gp=0.jpg",
      "middleURL": "http://img2.imgtn.bdimg.com/it/u=4120791057,903306375&fm=27&gp=0.jpg",
      "largeTnImageUrl": "",
      "hasLarge": 0,
      "hoverURL": "http://img2.imgtn.bdimg.com/it/u=4120791057,903306375&fm=27&gp=0.jpg",
      "pageNum": 78,
      "objURL": "ippr_z2C$qAzdH3FAzdH3Ft8_z&e3Bt42_z&e3Blml2_z&e3Bv54AzdH3F4n275AzdH3Ft42xda8dAzdH3FalAzdH3Fd8AzdH3F8bc_80c880_bwdlu_z&e3B3r2",
      "fromURL": "ippr_z2C$qAzdH3FAzdH3F4n275_z&e3Byzz_z&e3BvgAzdH3Fet1j5fpwpt5gAzdH3F6t4AzdH3F6jv6jwpt5gAzdH3Fda8dalAzdH3Fcdm0ba_d_z&e3Bfip4s",
      "fromURLHost": "m3guo.yzz.cn",
      "currentIndex": "",
      "width": 2448,
      "height": 3264,
      "type": "jpg",
      "is_gif": 0,
      "filesize": "",
      "bdSrcType": "0",
      "di": "69292347960",
      "pi": "0",
      "is": "0,0",
      "replaceUrl": [
        {
          "ObjURL": "http:\/\/img1.imgtn.bdimg.com\/it\/u=4120791057,903306375&fm=214&gp=0.jpg",
          "FromURL": "http:\/\/m3guo.yzz.cn\/videostation\/rim\/recreation\/201209\/526780_2.shtml"
        }
      ],
      "hasThumbData": "0",
      "bdSetImgNum": 0,
      "partnerId": 0,
      "spn": 0,
      "bdImgnewsDate": "1970-01-01 08:00",
      "fromPageTitle": "梦三国性感<strong>美女<\/strong>\"小11\"最新照片曝光",
      "fromPageTitleEnc": "梦三国性感美女\"小11\"最新照片曝光",
      "bdSourceName": "",
      "bdFromPageTitlePrefix": "",
      "isAspDianjing": 0,
      "token": "",
      "imgType": "",
      "cs": "4120791057,903306375",
      "os": "3611827761,3674467768",
      "simid": "3476190679,210709375",
      "personalized": "0",
      "simid_info": null,
      "face_info": null,
      "xiangshi_info": null,
      "adPicId": "0",
      "source_type": ""
    },
    {
      "adType": "0",
      "hasAspData": "0",
      "thumbURL": "http://img5.imgtn.bdimg.com/it/u=2405618507,4186380250&fm=27&gp=0.jpg",
      "middleURL": "http://img5.imgtn.bdimg.com/it/u=2405618507,4186380250&fm=27&gp=0.jpg",
      "largeTnImageUrl": "",
      "hasLarge": 0,
      "hoverURL": "http://img5.imgtn.bdimg.com/it/u=2405618507,4186380250&fm=27&gp=0.jpg",
      "pageNum": 79,
      "objURL": "ippr_z2C$qAzdH3FAzdH3Fooo_z&e3Bkzcc_z&e3Bv54AzdH3F7rs5w1fAzdH3Fwsst42AzdH3F8cam8dAzdH3F89a-8cam8d899a8b-ca_z&e3B3r2",
      "fromURL": "ippr_z2C$qAzdH3FAzdH3Fooo_z&e3Bkzcc_z&e3Bv54AzdH3F4jtgektzitAzdH3Fd8000_z&e3Bip4s",
      "fromURLHost": "www.bz55.com",
      "currentIndex": "",
      "width": 1024,
      "height": 768,
      "type": "jpg",
      "is_gif": 0,
      "filesize": "",
      "bdSrcType": "0",
      "di": "150411219310",
      "pi": "0",
      "is": "0,0",
      "replaceUrl": [
        {
          "ObjURL": "http:\/\/img3.imgtn.bdimg.com\/it\/u=2405618507,4186380250&fm=214&gp=0.jpg",
          "FromURL": "http:\/\/www.bz55.com\/meinvbizhi\/21777.html"
        }
      ],
      "hasThumbData": "0",
      "bdSetImgNum": 0,
      "partnerId": 0,
      "spn": 0,
      "bdImgnewsDate": "1970-01-01 08:00",
      "fromPageTitle": "童颜巨乳冷艳性感<strong>美女<\/strong>室内甜美写真ipad桌面壁纸",
      "fromPageTitleEnc": "童颜巨乳冷艳性感美女室内甜美写真ipad桌面壁纸",
      "bdSourceName": "",
      "bdFromPageTitlePrefix": "",
      "isAspDianjing": 0,
      "token": "",
      "imgType": "",
      "cs": "2405618507,4186380250",
      "os": "3073004813,3906733112",
      "simid": "4194623828,632511431",
      "personalized": "0",
      "simid_info": null,
      "face_info": null,
      "xiangshi_info": null,
      "adPicId": "0",
      "source_type": ""
    },
    {
      "adType": "0",
      "hasAspData": "0",
      "thumbURL": "http://img3.imgtn.bdimg.com/it/u=2067455453,4076838338&fm=27&gp=0.jpg",
      "middleURL": "http://img3.imgtn.bdimg.com/it/u=2067455453,4076838338&fm=27&gp=0.jpg",
      "largeTnImageUrl": "",
      "hasLarge": 0,
      "hoverURL": "http://img3.imgtn.bdimg.com/it/u=2067455453,4076838338&fm=27&gp=0.jpg",
      "pageNum": 80,
      "objURL": "ippr_z2C$qAzdH3FAzdH3Fooo_z&e3Brrn_z&e3BvgAzdH3F7rs5w1fAzdH3Fda8988AzdH3Fda8988a8a9_z&e3B3r2",
      "fromURL": "ippr_z2C$qAzdH3FAzdH3Fooo_z&e3Brrn_z&e3BvgAzdH3Fpw2f_z&e3Brir?AzdH3F%CB%BF%CD%Ea%Bn%A9%CD%Cb%Da%D9%Bb%Da%Cn%Ca%Cc%AE",
      "fromURLHost": "www.pp3.cn",
      "currentIndex": "",
      "width": 1440,
      "height": 900,
      "type": "jpg",
      "is_gif": 0,
      "filesize": "",
      "bdSrcType": "0",
      "di": "55973505940",
      "pi": "0",
      "is": "0,0",
      "replaceUrl": [
        {
          "ObjURL": "http:\/\/img0.imgtn.bdimg.com\/it\/u=2067455453,4076838338&fm=214&gp=0.jpg",
          "FromURL": "http:\/\/3mot.com\/model\/picture\/20160113\/13812.html"
        },
        {
          "ObjURL": "http:\/\/ww2.sinaimg.cn\/mw600\/a98340bbjw1e9fvvnw3sqj20p00gon2d.jpg",
          "FromURL": "http:\/\/blog.sina.com.cn\/s\/blog_3ebeca130102vlq3.html"
        }
      ],
      "hasThumbData": "0",
      "bdSetImgNum": 0,
      "partnerId": 0,
      "spn": 0,
      "bdImgnewsDate": "1970-01-01 08:00",
      "fromPageTitle": "> 丝袜长腿性感<strong>美女<\/strong>",
      "fromPageTitleEnc": "> 丝袜长腿性感美女",
      "bdSourceName": "",
      "bdFromPageTitlePrefix": "",
      "isAspDianjing": 0,
      "token": "",
      "imgType": "",
      "cs": "2067455453,4076838338",
      "os": "3623956555,207769749",
      "simid": "3449475926,341610500",
      "personalized": "0",
      "simid_info": null,
      "face_info": null,
      "xiangshi_info": null,
      "adPicId": "0",
      "source_type": ""
    },
    {
      "adType": "0",
      "hasAspData": "0",
      "thumbURL": "http://img0.imgtn.bdimg.com/it/u=548701348,3606509366&fm=27&gp=0.jpg",
      "middleURL": "http://img0.imgtn.bdimg.com/it/u=548701348,3606509366&fm=27&gp=0.jpg",
      "largeTnImageUrl": "",
      "hasLarge": 0,
      "hoverURL": "http://img0.imgtn.bdimg.com/it/u=548701348,3606509366&fm=27&gp=0.jpg",
      "pageNum": 81,
      "objURL": "ippr_z2C$qAzdH3FAzdH3Frtvb_z&e3Bgtrtv_z&e3Bv54AzdH3Fda8aa080AzdH3F8na9dba_alc0nmal8cc0_d_z&e3B3r2",
      "fromURL": "ippr_z2C$qAzdH3FAzdH3Fooo_z&e3Bgtrtv_z&e3Bv54AzdH3Ffi5oAzdH3F8AzdH3F89AzdH3F0ndwu9kwbk1jck8b_z&e3Bip4s",
      "fromURLHost": "www.nipic.com",
      "currentIndex": "",
      "width": 838,
      "height": 1024,
      "type": "jpg",
      "is_gif": 0,
      "filesize": "",
      "bdSrcType": "0",
      "di": "122862071530",
      "pi": "0",
      "is": "0,0",
      "replaceUrl": [
        {
          "ObjURL": "http:\/\/img4.imgtn.bdimg.com\/it\/u=548701348,3606509366&fm=214&gp=0.jpg",
          "FromURL": "http:\/\/www.amq008.com\/news\/?261.html"
        },
        {
          "ObjURL": "http:\/\/img17.nipic.com\/20100717\/1304280_095736091557_1.jpg",
          "FromURL": "http:\/\/www.nipic.com\/show\/1\/14\/7d8a52a3aa182cdf.html"
        }
      ],
      "hasThumbData": "0",
      "bdSetImgNum": 0,
      "partnerId": 0,
      "spn": 0,
      "bdImgnewsDate": "1970-01-01 08:00",
      "fromPageTitle": "性感<strong>美女<\/strong>",
      "fromPageTitleEnc": "性感美女",
      "bdSourceName": "",
      "bdFromPageTitlePrefix": "",
      "isAspDianjing": 0,
      "token": "",
      "imgType": "",
      "cs": "548701348,3606509366",
      "os": "3376992609,3517261889",
      "simid": "3542629974,390727395",
      "personalized": "0",
      "simid_info": null,
      "face_info": null,
      "xiangshi_info": null,
      "adPicId": "0",
      "source_type": ""
    },
    {
      "adType": "0",
      "hasAspData": "0",
      "thumbURL": "http://img4.imgtn.bdimg.com/it/u=4000890,3165963094&fm=27&gp=0.jpg",
      "middleURL": "http://img4.imgtn.bdimg.com/it/u=4000890,3165963094&fm=27&gp=0.jpg",
      "largeTnImageUrl": "",
      "hasLarge": 0,
      "hoverURL": "http://img4.imgtn.bdimg.com/it/u=4000890,3165963094&fm=27&gp=0.jpg",
      "pageNum": 82,
      "objURL": "ippr_z2C$qAzdH3FAzdH3Ft42_z&e3Bpw5rtv_z&e3Bv54AzdH3F7rs5w1fAzdH3Fwsst42AzdH3F89amnaAzdH3Fn8b0cn-89amnaamd9dd08_z&e3B3r2",
      "fromURL": "ippr_z2C$qAzdH3FAzdH3Fooo_z&e3Bpw5rtv_z&e3Bv54AzdH3Fp7h7AzdH3Fda89amAzdH3Fcmn990_z&e3Bip4s",
      "fromURLHost": "www.taopic.com",
      "currentIndex": "",
      "width": 667,
      "height": 1000,
      "type": "jpg",
      "is_gif": 0,
      "filesize": "",
      "bdSrcType": "0",
      "di": "204412825980",
      "pi": "0",
      "is": "0,0",
      "replaceUrl": [
        {
          "ObjURL": "http:\/\/img0.imgtn.bdimg.com\/it\/u=4000890,3165963094&fm=214&gp=0.jpg",
          "FromURL": null
        },
        {
          "ObjURL": "http:\/\/img.taopic.com\/uploads\/allimg\/140630\/318753-14063006242271.jpg",
          "FromURL": "http:\/\/www.dqmjjj.com\/arcticle\/866535.html"
        }
      ],
      "hasThumbData": "0",
      "bdSetImgNum": 0,
      "partnerId": 0,
      "spn": 0,
      "bdImgnewsDate": "1970-01-01 08:00",
      "fromPageTitle": "戴太阳镜的性感<strong>美女<\/strong>图片",
      "fromPageTitleEnc": "戴太阳镜的性感美女图片",
      "bdSourceName": "",
      "bdFromPageTitlePrefix": "",
      "isAspDianjing": 0,
      "token": "",
      "imgType": "",
      "cs": "4000890,3165963094",
      "os": "2208223785,3832618229",
      "simid": "15091940,806683648",
      "personalized": "0",
      "simid_info": null,
      "face_info": null,
      "xiangshi_info": null,
      "adPicId": "0",
      "source_type": ""
    },
    {
      "adType": "0",
      "hasAspData": "0",
      "thumbURL": "http://img1.imgtn.bdimg.com/it/u=2390896320,1050817969&fm=27&gp=0.jpg",
      "middleURL": "http://img1.imgtn.bdimg.com/it/u=2390896320,1050817969&fm=27&gp=0.jpg",
      "largeTnImageUrl": "",
      "hasLarge": 0,
      "hoverURL": "http://img1.imgtn.bdimg.com/it/u=2390896320,1050817969&fm=27&gp=0.jpg",
      "pageNum": 83,
      "objURL": "ippr_z2C$qAzdH3FAzdH3Ft42_z&e3Bpw5rtv_z&e3Bv54AzdH3F7rs5w1fAzdH3Fwsst42AzdH3F89andaAzdH3Fdnca8n-89anda8lcmnmc8_z&e3B3r2",
      "fromURL": "ippr_z2C$qAzdH3FAzdH3Fooo_z&e3Bpw5rtv_z&e3Bv54AzdH3Fp7h7AzdH3Fda89anAzdH3Fcaana8_z&e3Bip4s",
      "fromURLHost": "www.taopic.com",
      "currentIndex": "",
      "width": 667,
      "height": 1000,
      "type": "jpg",
      "is_gif": 0,
      "filesize": "",
      "bdSrcType": "0",
      "di": "12407989330",
      "pi": "0",
      "is": "0,0",
      "replaceUrl": [
        {
          "ObjURL": "http:\/\/img1.imgtn.bdimg.com\/it\/u=2390896320,1050817969&fm=214&gp=0.jpg",
          "FromURL": "http:\/\/www.photophoto.cn\/show\/15027289.html"
        },
        {
          "ObjURL": "http:\/\/hx66.com.cn\/2016\/qq\/bd27681218.jpg",
          "FromURL": "http:\/\/www.hx66.com.cn\/fenzu\/2129344.html"
        }
      ],
      "hasThumbData": "0",
      "bdSetImgNum": 0,
      "partnerId": 0,
      "spn": 0,
      "bdImgnewsDate": "1970-01-01 08:00",
      "fromPageTitle": "性感<strong>美女<\/strong>与皮鞋图片",
      "fromPageTitleEnc": "性感美女与皮鞋图片",
      "bdSourceName": "",
      "bdFromPageTitlePrefix": "",
      "isAspDianjing": 0,
      "token": "",
      "imgType": "",
      "cs": "2390896320,1050817969",
      "os": "2108857931,3723716344",
      "simid": "3455699600,427136159",
      "personalized": "0",
      "simid_info": null,
      "face_info": null,
      "xiangshi_info": null,
      "adPicId": "0",
      "source_type": ""
    },
    {
      "adType": "0",
      "hasAspData": "0",
      "thumbURL": "http://img4.imgtn.bdimg.com/it/u=523535273,4224689073&fm=11&gp=0.jpg",
      "middleURL": "http://img4.imgtn.bdimg.com/it/u=523535273,4224689073&fm=11&gp=0.jpg",
      "largeTnImageUrl": "",
      "hasLarge": 0,
      "hoverURL": "",
      "pageNum": 84,
      "objURL": "ippr_z2C$qAzdH3FAzdH3F1_z&e3Bitri5p5f_z&e3Bkwt17_z&e3Bv54AzdH3Ft4w2jAzdH3FrtvAzdH3Ftpj4AzdH3Flbdckvn8cvman9wbac8wkwncv88n9lc9abdn0mb1_z&e3B3r2",
      "fromURL": "ippr_z2C$qAzdH3FAzdH3Frtv_z&e3Byjfhy_z&e3Bv54AzdH3F988AzdH3Fbnndl9881_z&e3Bfip4s",
      "fromURLHost": "pic.yesky.com",
      "currentIndex": "",
      "width": 915,
      "height": 537,
      "type": "jpg",
      "is_gif": 0,
      "filesize": "",
      "bdSrcType": "17",
      "di": "58375685000",
      "pi": "0",
      "is": "10760708,2931607696",
      "hasThumbData": "0",
      "bdSetImgNum": 19,
      "partnerId": 0,
      "spn": 0,
      "bdImgnewsDate": "1970-01-01 08:00",
      "fromPageTitle": "穿蕾丝的性感<strong>美女<\/strong>私房写真",
      "fromPageTitleEnc": "穿蕾丝的性感美女私房写真",
      "bdSourceName": "",
      "bdFromPageTitlePrefix": "",
      "isAspDianjing": 0,
      "token": "",
      "imgType": "",
      "cs": "523535273,4224689073",
      "os": "3804519861,2347158923",
      "simid": "0,0",
      "personalized": "0",
      "simid_info": null,
      "face_info": null,
      "xiangshi_info": null,
      "adPicId": "0",
      "source_type": ""
    },
    {
      "adType": "0",
      "hasAspData": "0",
      "thumbURL": "http://img4.imgtn.bdimg.com/it/u=38452597,899915979&fm=27&gp=0.jpg",
      "middleURL": "http://img4.imgtn.bdimg.com/it/u=38452597,899915979&fm=27&gp=0.jpg",
      "largeTnImageUrl": "",
      "hasLarge": 0,
      "hoverURL": "http://img4.imgtn.bdimg.com/it/u=38452597,899915979&fm=27&gp=0.jpg",
      "pageNum": 85,
      "objURL": "ippr_z2C$qAzdH3FAzdH3Ft4w2j_z&e3Bptwg3t4j1tw_z&e3Bv54AzdH3F7rs5w1I4w2jfAzdH3Fda89AzdH3Fdl8AzdH3F9bAzdH3FHn9cPmaWnaVa_z&e3B3r2",
      "fromURL": "ippr_z2C$qAzdH3FAzdH3Frtv_z&e3Byjfhy_z&e3Bv54AzdH3FkkfAzdH3Fpi6jw1-8ln9nb-8-8_z&e3Bip4s",
      "fromURLHost": "pic.yesky.com",
      "currentIndex": "",
      "width": 1466,
      "height": 2200,
      "type": "jpg",
      "is_gif": 0,
      "filesize": "",
      "bdSrcType": "0",
      "di": "95295639890",
      "pi": "0",
      "is": "0,0",
      "replaceUrl": [
        {
          "ObjURL": "http:\/\/img4.imgtn.bdimg.com\/it\/u=38452597,899915979&fm=214&gp=0.jpg",
          "FromURL": "http:\/\/www.tjxdl.com.cn\/mauoea.html"
        },
        {
          "ObjURL": "http:\/\/www.qhddjsy.com\/pics\/allimg\/bd11989810.jpg",
          "FromURL": "http:\/\/www.qhddjsy.com\/312198140.htm"
        }
      ],
      "hasThumbData": "0",
      "bdSetImgNum": 0,
      "partnerId": 0,
      "spn": 0,
      "bdImgnewsDate": "1970-01-01 08:00",
      "fromPageTitle": "性感<strong>美女<\/strong>大秀好身材",
      "fromPageTitleEnc": "性感美女大秀好身材",
      "bdSourceName": "",
      "bdFromPageTitlePrefix": "",
      "isAspDianjing": 0,
      "token": "",
      "imgType": "",
      "cs": "38452597,899915979",
      "os": "4206799189,2328273035",
      "simid": "4161512651,645225227",
      "personalized": "0",
      "simid_info": null,
      "face_info": null,
      "xiangshi_info": null,
      "adPicId": "0",
      "source_type": ""
    },
    {
      "adType": "0",
      "hasAspData": "0",
      "thumbURL": "http://img5.imgtn.bdimg.com/it/u=2708338071,594118748&fm=11&gp=0.jpg",
      "middleURL": "http://img5.imgtn.bdimg.com/it/u=2708338071,594118748&fm=11&gp=0.jpg",
      "largeTnImageUrl": "",
      "hasLarge": 0,
      "hoverURL": "",
      "pageNum": 86,
      "objURL": "ippr_z2C$qAzdH3FAzdH3Fi_z&e3Bitri5p5f_z&e3Bkwt17_z&e3Bv54AzdH3Ft4w2jAzdH3FrtvAzdH3Ftpj4AzdH3F1acbvvkumvb8baawjmaj8uvjkbncnnuwbnbk90an_z&e3B3r2",
      "fromURL": "ippr_z2C$qAzdH3FAzdH3Fooo_z&e3Bpw5rtv_z&e3Bv54AzdH3Fp7h7AzdH3Fda8n88AzdH3F9nd08n_z&e3Bip4s",
      "fromURLHost": "www.taopic.com",
      "currentIndex": "",
      "width": 1000,
      "height": 1000,
      "type": "jpg",
      "is_gif": 0,
      "filesize": "",
      "bdSrcType": "17",
      "di": "4831473950",
      "pi": "0",
      "is": "464263895,3028924378",
      "hasThumbData": "0",
      "bdSetImgNum": 9,
      "partnerId": 0,
      "spn": 0,
      "bdImgnewsDate": "1970-01-01 08:00",
      "fromPageTitle": "性感<strong>美女<\/strong>艺术摄影欣赏_性感美女艺术摄影欣赏_性感美女艺术摄影欣赏",
      "fromPageTitleEnc": "性感美女艺术摄影欣赏_性感美女艺术摄影欣赏_性感美女艺术摄影欣赏",
      "bdSourceName": "",
      "bdFromPageTitlePrefix": "",
      "isAspDianjing": 0,
      "token": "",
      "imgType": "",
      "cs": "2708338071,594118748",
      "os": "2412098788,253299859",
      "simid": "0,0",
      "personalized": "0",
      "simid_info": null,
      "face_info": null,
      "xiangshi_info": null,
      "adPicId": "0",
      "source_type": ""
    },
    {
      "adType": "0",
      "hasAspData": "0",
      "thumbURL": "http://img4.imgtn.bdimg.com/it/u=3406618020,1438598234&fm=27&gp=0.jpg",
      "middleURL": "http://img4.imgtn.bdimg.com/it/u=3406618020,1438598234&fm=27&gp=0.jpg",
      "largeTnImageUrl": "",
      "hasLarge": 0,
      "hoverURL": "http://img4.imgtn.bdimg.com/it/u=3406618020,1438598234&fm=27&gp=0.jpg",
      "pageNum": 87,
      "objURL": "ippr_z2C$qAzdH3FAzdH3Fooo_z&e3Bpw5rtv_z&e3Bv54AzdH3F7rs5w1fAzdH3Fwsst42AzdH3F89amd0AzdH3Fd9a9a0-89amdFm998898_z&e3B3r2",
      "fromURL": "ippr_z2C$qAzdH3FAzdH3Fooo_z&e3Bpw5rtv_z&e3Bv54AzdH3Fp7h7AzdH3Fda89amAzdH3Fcm8008_z&e3Bip4s",
      "fromURLHost": "www.taopic.com",
      "currentIndex": "",
      "width": 1000,
      "height": 1000,
      "type": "jpg",
      "is_gif": 0,
      "filesize": "",
      "bdSrcType": "0",
      "di": "140469741390",
      "pi": "0",
      "is": "0,0",
      "replaceUrl": [
        {
          "ObjURL": "http:\/\/img3.imgtn.bdimg.com\/it\/u=3406618020,1438598234&fm=214&gp=0.jpg",
          "FromURL": "http:\/\/www.infinitt.net\/dvbbs8.2.0_ac\/dispbbs.asp?boardid=2&id=11459&page=4&move=pre"
        },
        {
          "ObjURL": "http:\/\/edws.cn\/wj\/001\/001044\/001044-03.jpg",
          "FromURL": "http:\/\/sx.heze369.com\/thread-6178-1-1.html"
        }
      ],
      "hasThumbData": "0",
      "bdSetImgNum": 0,
      "partnerId": 0,
      "spn": 0,
      "bdImgnewsDate": "1970-01-01 08:00",
      "fromPageTitle": "手托下巴的性感<strong>美女<\/strong> 图片",
      "fromPageTitleEnc": "手托下巴的性感美女 图片",
      "bdSourceName": "",
      "bdFromPageTitlePrefix": "",
      "isAspDianjing": 0,
      "token": "",
      "imgType": "",
      "cs": "3406618020,1438598234",
      "os": "2187675533,175327384",
      "simid": "3427477118,277274225",
      "personalized": "0",
      "simid_info": null,
      "face_info": null,
      "xiangshi_info": null,
      "adPicId": "0",
      "source_type": ""
    },
    {
      "adType": "0",
      "hasAspData": "0",
      "thumbURL": "http://img2.imgtn.bdimg.com/it/u=2534408435,3902594089&fm=27&gp=0.jpg",
      "middleURL": "http://img2.imgtn.bdimg.com/it/u=2534408435,3902594089&fm=27&gp=0.jpg",
      "largeTnImageUrl": "",
      "hasLarge": 0,
      "hoverURL": "http://img2.imgtn.bdimg.com/it/u=2534408435,3902594089&fm=27&gp=0.jpg",
      "pageNum": 88,
      "objURL": "ippr_z2C$qAzdH3FAzdH3Ft4w2j_z&e3Bptwg3t4j1tw_z&e3Bv54AzdH3F7rs5w1I4w2jfAzdH3Fda80AzdH3FaacAzdH3F8cAzdH3FcdVcnRHNMYEG_z&e3B3r2",
      "fromURL": "ippr_z2C$qAzdH3FAzdH3Frtv_z&e3Byjfhy_z&e3Bv54AzdH3F990AzdH3Flb8mml901_z&e3Bfip4s",
      "fromURLHost": "pic.yesky.com",
      "currentIndex": "",
      "width": 800,
      "height": 1088,
      "type": "jpg",
      "is_gif": 0,
      "filesize": "",
      "bdSrcType": "0",
      "di": "49526100360",
      "pi": "0",
      "is": "0,0",
      "replaceUrl": [
        {
          "ObjURL": "http:\/\/img0.imgtn.bdimg.com\/it\/u=2534408435,3902594089&fm=214&gp=0.jpg",
          "FromURL": "http:\/\/aidihuagong.com\/read\/m2njzjiwmjtkuj3oopznvo7lpbpplb,lj5hlhajouqsbmqe5mtabnja4awltzy5wac4xmjyubmv0l01wr2p5cxf2rkj6mvrxulhvaetpx3c9ps8ynzy5nzeznzcwodq5nju2mjm0lmpwzwhplb,lj5hnvo7lpbpmuzjmuzjkuj3oopzlhpnnnj8=\/"
        },
        {
          "ObjURL": "http:\/\/image.tianjimedia.com\/uploadimages\/2017\/005\/15\/52v53rhnmyeg.jpg",
          "FromURL": "http:\/\/lib.tutusoso.com\/p304\/001352mym005904\/"
        }
      ],
      "hasThumbData": "0",
      "bdSetImgNum": 0,
      "partnerId": 0,
      "spn": 0,
      "bdImgnewsDate": "1970-01-01 08:00",
      "fromPageTitle": "可儿气质长发性感<strong>美女<\/strong>高清写真丝袜诱惑",
      "fromPageTitleEnc": "可儿气质长发性感美女高清写真丝袜诱惑",
      "bdSourceName": "",
      "bdFromPageTitlePrefix": "",
      "isAspDianjing": 0,
      "token": "",
      "imgType": "",
      "cs": "2534408435,3902594089",
      "os": "470391845,3527932901",
      "simid": "41383962,793437160",
      "personalized": "0",
      "simid_info": null,
      "face_info": null,
      "xiangshi_info": null,
      "adPicId": "0",
      "source_type": ""
    },
    {
      "adType": "0",
      "hasAspData": "0",
      "thumbURL": "http://img0.imgtn.bdimg.com/it/u=2285516225,4205176451&fm=11&gp=0.jpg",
      "middleURL": "http://img0.imgtn.bdimg.com/it/u=2285516225,4205176451&fm=11&gp=0.jpg",
      "largeTnImageUrl": "",
      "hasLarge": 0,
      "hoverURL": "",
      "pageNum": 89,
      "objURL": "ippr_z2C$qAzdH3FAzdH3Fu_z&e3Bitri5p5f_z&e3Bkwt17_z&e3Bv54AzdH3Ft4w2jAzdH3FrtvAzdH3Ftpj4AzdH3Fd98ulcvw18vbw0bm9vbkc98nm1alvln10avucaa1_z&e3B3r2",
      "fromURL": "ippr_z2C$qAzdH3FAzdH3Fooo_z&e3Bpw5rtv_z&e3Bv54AzdH3Fp7h7AzdH3Fda8cadAzdH3Fmc09dl_z&e3Bip4s",
      "fromURLHost": "www.taopic.com",
      "currentIndex": "",
      "width": 1000,
      "height": 668,
      "type": "jpg",
      "is_gif": 0,
      "filesize": "",
      "bdSrcType": "17",
      "di": "35986984490",
      "pi": "0",
      "is": "1671098002,4077988126",
      "hasThumbData": "0",
      "bdSetImgNum": 30,
      "partnerId": 0,
      "spn": 0,
      "bdImgnewsDate": "1970-01-01 08:00",
      "fromPageTitle": "性感<strong>美女<\/strong> 素材_性感美女 素材_性感美女 素材",
      "fromPageTitleEnc": "性感美女 素材_性感美女 素材_性感美女 素材",
      "bdSourceName": "",
      "bdFromPageTitlePrefix": "",
      "isAspDianjing": 0,
      "token": "",
      "imgType": "",
      "cs": "2285516225,4205176451",
      "os": "2597005985,156147963",
      "simid": "0,0",
      "personalized": "0",
      "simid_info": null,
      "face_info": null,
      "xiangshi_info": null,
      "adPicId": "0",
      "source_type": ""
    },
    {}
  ]
}
