<?xml version="1.0" encoding="UTF-8" ?>
<beans xmlns="http://www.springframework.org/schema/beans"
	   xmlns:xsi="http://www.w3.org/2001/XMLSchema-instance"
	   xmlns:context="http://www.springframework.org/schema/context"
	   xmlns:p="http://www.springframework.org/schema/p" xmlns:aop="http://www.springframework.org/schema/aop"
	   xmlns:tx="http://www.springframework.org/schema/tx"
	   xsi:schemaLocation="http://www.springframework.org/schema/beans http://www.springframework.org/schema/beans/spring-beans-4.0.xsd
    http://www.springframework.org/schema/context http://www.springframework.org/schema/context/spring-context-4.0.xsd
     http://www.springframework.org/schema/aop http://www.springframework.org/schema/aop/spring-aop-4.0.xsd
     http://www.springframework.org/schema/tx http://www.springframework.org/schema/tx/spring-tx-4.0.xsd">
	<context:component-scan base-package="com.smart.multithread" />

	<context:property-placeholder location="classpath:jdbc.properties" />
	<bean id="dataSource" class="org.apache.commons.dbcp.BasicDataSource"
		destroy-method="close"
		p:driverClassName="${jdbc.driverClassName}"
		p:url="${jdbc.url}"
		p:username="${jdbc.username}"
		p:password="${jdbc.password}" />


	<bean id="jdbcTemplate" class="org.springframework.jdbc.core.JdbcTemplate"
		p:dataSource-ref="dataSource" />

	<bean id="jdbcManager"
		class="org.springframework.jdbc.datasource.DataSourceTransactionManager"
		p:dataSource-ref="dataSource" />

	<!-- 添加Spring事务增强 -->
	<aop:config proxy-target-class="true">
		<aop:pointcut id="serviceJdbcMethod" expression="within(com.smart.multithread.BaseService+)" />
		<aop:advisor pointcut-ref="serviceJdbcMethod" advice-ref="jdbcAdvice"
			order="0" />
	</aop:config>
	<tx:advice id="jdbcAdvice" transaction-manager="jdbcManager">
		<tx:attributes>
			<tx:method name="*" />
		</tx:attributes>
	</tx:advice>
</beans>