<?xml version="1.0" encoding="UTF-8" ?>
<beans xmlns="http://www.springframework.org/schema/beans"
       xmlns:xsi="http://www.w3.org/2001/XMLSchema-instance" xmlns:tx="http://www.springframework.org/schema/tx"
       xmlns:context="http://www.springframework.org/schema/context" xmlns:p="http://www.springframework.org/schema/p"
       xsi:schemaLocation="
    http://www.springframework.org/schema/beans http://www.springframework.org/schema/beans/spring-beans-4.0.xsd
    http://www.springframework.org/schema/context http://www.springframework.org/schema/context/spring-context-4.0.xsd
    http://www.springframework.org/schema/tx http://www.springframework.org/schema/tx/spring-tx-4.0.xsd">
    <context:component-scan base-package="com.smart.dao"/>
    <context:property-placeholder location="classpath:jdbc.properties"/>
    <bean id="dataSource" class="org.apache.commons.dbcp.BasicDataSource"
          destroy-method="close"
          p:driverClassName="${jdbc.driverClassName}"
          p:url="${jdbc.url}"
          p:username="${jdbc.username}" p:password="${jdbc.password}"/>

    <bean id="sessionFactory"
          class="org.springframework.orm.hibernate4.LocalSessionFactoryBean">
        <property name="dataSource" ref="dataSource"/>
        <property name="packagesToScan">
            <list>
                <value>com.smart.domain</value>
            </list>
        </property>
        <property name="hibernateProperties">
            <props>
                <prop key="hibernate.dialect">
                    org.hibernate.dialect.MySQL5Dialect
                </prop>
                <prop key="hibernate.show_sql">true</prop>
            </props>
        </property>
    </bean>


    <bean id="hibernateTemplate" class="org.springframework.orm.hibernate4.HibernateTemplate"
          p:sessionFactory-ref="sessionFactory"/>

    <!-- 配置Jdbc模板  -->
    <bean id="jdbcTemplate" class="org.springframework.jdbc.core.JdbcTemplate">
        <property name="dataSource">
            <ref bean="dataSource"/>
        </property>
    </bean>

</beans>
